{
  "10.0": {
    "time": 10.0,
    "pdr": {
      "mean": 0.5813636363636363,
      "std": 0.050959796177440515,
      "all": [
        0.5590909090909091,
        0.6181818181818182,
        0.5681818181818182,
        0.6363636363636364,
        0.5227272727272727,
        0.6045454545454545,
        0.4954545454545455,
        0.6636363636363637,
        0.5363636363636364,
        0.6090909090909091
      ]
    },
    "throughput_kbps": {
      "mean": 209.5513599790449,
      "std": 18.36835661072924,
      "all": [
        201.52319997984767,
        222.82239997771777,
        204.79999997952,
        229.3759999770624,
        188.41599998115842,
        217.90719997820926,
        178.58559998214142,
        239.20639997607935,
        193.3311999806669,
        219.54559997804543
      ]
    },
    "energy_mJ": {
      "mean": 1274.8185599998806,
      "std": 20.908659791134106,
      "all": [
        1281.4745599998787,
        1265.3363199999603,
        1257.9225599999972,
        1267.2614399998565,
        1262.9606399998465,
        1252.0243199996912,
        1271.1116800001037,
        1265.5411199998525,
        1325.0969599998825,
        1299.4559999997364
      ]
    },
    "energy_efficiency": {
      "mean": 164.47578257058635,
      "std": 15.266577310681393,
      "all": [
        157.25883780299898,
        176.09737147002045,
        162.80811434000967,
        181.00132517005125,
        149.18596353171554,
        174.04390353862212,
        140.49560144234246,
        189.01511471702966,
        145.8996630560062,
        168.95193063706736
      ]
    },
    "delay_ms": {
      "mean": 10.728289864332647,
      "std": 1.7221362216554508,
      "all": [
        11.756097560975615,
        14.580882352941185,
        11.400000000000004,
        9.385714285714291,
        10.878260869565224,
        9.992481203007523,
        7.486238532110094,
        10.37671232876713,
        10.32203389830509,
        11.104477611940304
      ]
    },
    "detection_rate": {
      "mean": 70.0,
      "std": 15.491933384829668,
      "all": [
        50.0,
        80.0,
        80.0,
        80.0,
        90.0,
        60.0,
        50.0,
        90.0,
        70.0,
        50.0
      ]
    },
    "false_positive_rate": {
      "mean": 0.0,
      "std": 0.0,
      "all": [
        0.0,
        0.0,
        0.0,
        0.0,
        0.0,
        0.0,
        0.0,
        0.0,
        0.0,
        0.0
      ]
    },
    "avg_trust": {
      "mean": 0.9013531194441512,
      "std": 0.00557504501331587,
      "all": [
        0.9094969410242362,
        0.9012530082272814,
        0.8966561751712964,
        0.8987329450803466,
        0.8934558604108946,
        0.8954144323457962,
        0.9046659110196609,
        0.8976398798430893,
        0.9071338554484385,
        0.9090821858704728
      ]
    },
    "adaptive_threshold": {
      "mean": 0.5792889636831454,
      "std": 0.0033029505369517403,
      "all": [
        0.5769813629461346,
        0.5805841846411695,
        0.5817918765085679,
        0.5806162622082718,
        0.583414600746743,
        0.5824500672217969,
        0.5780748031657559,
        0.5812643322193756,
        0.5727063786182655,
        0.5750057685553732
      ]
    },
    "per_attack_dr": {
      "blackhole": {
        "mean": 100.0,
        "std": 0.0
      },
      "grayhole": {
        "mean": 60.5,
        "std": 33.133148892846805
      },
      "on_off": {
        "mean": 23.333333333333332,
        "std": 24.94438257849294
      },
      "collusion": {
        "mean": 86.66666666666666,
        "std": 30.550504633038933
      }
    },
    "route_alpha": {
      "mean": 0.4034034815534711,
      "std": 0.0007489081410892016,
      "all": [
        0.40243540441613596,
        0.4038883875700547,
        0.4038885819660446,
        0.40388833709156857,
        0.40436790098654285,
        0.40292275019852347,
        0.40243567716852596,
        0.404367833409169,
        0.4034050115850432,
        0.40243493114310297
      ]
    },
    "route_beta": {
      "mean": 0.3440397588267517,
      "std": 0.001310550644571565,
      "all": [
        0.34573385171609816,
        0.3431912143885034,
        0.3431908982591023,
        0.3431912964773036,
        0.3423520836434098,
        0.34488110297795077,
        0.3457334082842981,
        0.3423521935485706,
        0.34403691782456436,
        0.34573462114771586
      ]
    }
  },
  "30.0": {
    "time": 30.0,
    "pdr": {
      "mean": 0.6088709677419354,
      "std": 0.04970385764848115,
      "all": [
        0.6096774193548387,
        0.6225806451612903,
        0.6451612903225806,
        0.6161290322580645,
        0.6774193548387096,
        0.567741935483871,
        0.482258064516129,
        0.632258064516129,
        0.614516129032258,
        0.6209677419354839
      ]
    },
    "throughput_kbps": {
      "mean": 206.16533332646114,
      "std": 16.82985874283513,
      "all": [
        206.4383999931187,
        210.80746665963977,
        218.45333332605156,
        208.6229333263792,
        229.37599999235414,
        192.23893332692535,
        163.29386666122352,
        214.08426665953053,
        208.0767999930641,
        210.2613333263246
      ]
    },
    "energy_mJ": {
      "mean": 3730.4401920010378,
      "std": 63.560027073539864,
      "all": [
        3717.2838400013006,
        3720.1510400009283,
        3642.736640000521,
        3707.781120001073,
        3710.484480001469,
        3668.049920001067,
        3749.8880000011923,
        3698.9747200009333,
        3855.1142400008303,
        3833.9379200010626
      ]
    },
    "energy_efficiency": {
      "mean": 55.29036393465149,
      "std": 4.714459678342658,
      "all": [
        55.53474226842763,
        56.666373056597855,
        59.96956544351236,
        56.26624835024312,
        61.81834238320315,
        52.4090286445221,
        43.54633169340739,
        57.87665038689927,
        53.974224118703496,
        54.84213300099849
      ]
    },
    "delay_ms": {
      "mean": 10.486147533452401,
      "std": 1.463454229164147,
      "all": [
        10.142857142857146,
        13.010362694300525,
        11.902500000000007,
        8.976439790575917,
        11.26428571428572,
        9.750000000000002,
        7.6153846153846185,
        10.155612244897963,
        10.488188976377959,
        11.555844155844165
      ]
    },
    "detection_rate": {
      "mean": 80.0,
      "std": 11.832159566199232,
      "all": [
        70.0,
        90.0,
        90.0,
        90.0,
        100.0,
        60.0,
        80.0,
        80.0,
        70.0,
        70.0
      ]
    },
    "false_positive_rate": {
      "mean": 0.0,
      "std": 0.0,
      "all": [
        0.0,
        0.0,
        0.0,
        0.0,
        0.0,
        0.0,
        0.0,
        0.0,
        0.0,
        0.0
      ]
    },
    "avg_trust": {
      "mean": 0.8998083756150308,
      "std": 0.005467871236511883,
      "all": [
        0.9053115044723787,
        0.8954674164566936,
        0.8995871922297777,
        0.8974411686389482,
        0.8883646082305298,
        0.9053765793922648,
        0.9084406159219591,
        0.9008611334512614,
        0.8999891357539666,
        0.8972444016025294
      ]
    },
    "adaptive_threshold": {
      "mean": 0.5723553125713325,
      "std": 0.0031886798576440632,
      "all": [
        0.5744314176855192,
        0.5719284045928633,
        0.5760376544691467,
        0.5742699631086722,
        0.5754543538690866,
        0.5736327860626105,
        0.5691465481221711,
        0.5743526146842247,
        0.5674964192638258,
        0.5668029638552051
      ]
    },
    "per_attack_dr": {
      "blackhole": {
        "mean": 100.0,
        "std": 0.0
      },
      "grayhole": {
        "mean": 70.16666666666666,
        "std": 24.982771841588935
      },
      "on_off": {
        "mean": 45.0,